<?xml version="1.0" encoding="UTF-8"?>
<!DOCTYPE mapper PUBLIC "-//mybatis.org//DTD Mapper 3.0//EN" "http://mybatis.org/dtd/mybatis-3-mapper.dtd">
<mapper namespace="com.xiaoshu.dao.DeptMapper">
	<select id="findList" resultType="dept" parameterType="dept">
		select * from dept 
		<where>
			<if test="name != '' and name != null">
				dept.name like '%${name}%'
			</if>
		</where>
			<if test="orderByClause != null">
				order by dept.${orderByClause}
			</if>
	</select>
	<insert id="addDept" parameterType="dept" useGeneratedKeys="true" keyProperty="id">
		insert into dept values(null,#{name})
	</insert>
  
</mapper>