<?xml version="1.0" encoding="UTF-8"?>
<beans xmlns="http://www.springframework.org/schema/beans"
	xmlns:xsi="http://www.w3.org/2001/XMLSchema-instance" xmlns:context="http://www.springframework.org/schema/context"
	xmlns:aop="http://www.springframework.org/schema/aop" xmlns:tx="http://www.springframework.org/schema/tx"
	xsi:schemaLocation="http://www.springframework.org/schema/beans http://www.springframework.org/schema/beans/spring-beans-3.2.xsd
		http://www.springframework.org/schema/tx http://www.springframework.org/schema/tx/spring-tx-4.3.xsd
		http://www.springframework.org/schema/context http://www.springframework.org/schema/context/spring-context-4.3.xsd">

	<context:component-scan base-package="com.xiaoshu">
		<context:exclude-filter type="annotation"
			expression="org.springframework.stereotype.Controller" />
	</context:component-scan>

	<!-- Spring的配置文件，这里主要配置和业务逻辑有关的 -->
	<!--=================== 数据源，事务控制，xxx ================ -->
	<bean class="org.springframework.beans.factory.config.PropertyPlaceholderConfigurer">
   		<property name="ignoreUnresolvablePlaceholders" value="true"/>
		<property name="locations">
			<list>
				<value>classpath:config.properties</value>
				<value>classpath:dbconfig.properties</value>
			</list>
		</property>
	</bean>
	
	<bean class="com.xiaoshu.config.util.ConfigUtil">
		<property name="pageSize" value="${system.pageSize}"/>
	</bean>
	
	<bean id="pooledDataSource" class="com.mchange.v2.c3p0.ComboPooledDataSource">
		<property name="jdbcUrl" value="${jdbc.jdbcUrl}"></property>
		<property name="driverClass" value="${jdbc.driverClass}"></property>
		<property name="user" value="${jdbc.user}"></property>
		<property name="password" value="${jdbc.password}"></property>

		<!--当连接池用完时客户端调用getConnection()后等待获取新连接的时间，超时后将抛出 SQLException,如设为0则无限期等待。单位毫秒。Default: 
			0 -->
		<property name="checkoutTimeout" value="${jdbc.checkoutTimeout}"></property>

		<!--当连接池中的连接耗尽的时候c3p0一次同时获取的连接数。Default: 3 -->
		<property name="acquireIncrement" value="${jdbc.acquireIncrement}"></property>

		<!--定义在从数据库获取新连接失败后重复尝试的次数。Default: 30 -->
		<property name="acquireRetryAttempts" value="${jdbc.acquireRetryAttempts}"></property>

		<!--两次连接中间隔时间，单位毫秒。Default: 1000 -->
		<property name="acquireRetryDelay" value="${jdbc.acquireRetryDelay}"></property>

		<!--连接关闭时默认将所有未提交的操作回滚。Default: false -->
		<property name="autoCommitOnClose" value="${jdbc.autoCommitOnClose}"></property>

		<!--每60秒检查所有连接池中的空闲连接。Default: 0 -->
		<property name="idleConnectionTestPeriod" value="${jdbc.idleConnectionTestPeriod}"></property>

		<!--初始化时获取三个连接，取值应在minPoolSize与maxPoolSize之间。初始化连接大小Default: 3 -->
		<property name="initialPoolSize" value="${jdbc.initialPoolSize}"></property>

		<!--最大空闲时间,60秒内未使用则连接被丢弃。若为0则永不丢弃。Default: 0 -->
		<property name="maxIdleTime" value="${jdbc.maxIdleTime}"></property>

		<!--连接池中保留的最大连接数。Default: 15 -->
		<property name="maxPoolSize" value="${jdbc.maxPoolSize}"></property>
	</bean>

	<!--================== 配置和MyBatis的整合=============== -->
	<bean id="sqlSessionFactory" class="org.mybatis.spring.SqlSessionFactoryBean">
		<!-- 指定mybatis全局配置文件的位置 -->
		<property name="configLocation" value="classpath:mybatis-config.xml"></property>
		<property name="dataSource" ref="pooledDataSource"></property>
		<!-- 指定mybatis，mapper文件的位置 -->
		<property name="mapperLocations" value="classpath:mapper/*.xml"></property>
	</bean>

	<!-- 配置扫描器，将mybatis接口的实现加入到ioc容器中 -->
	<!-- 通用Mapper用tk,一般用org -->
	<bean class="tk.mybatis.spring.mapper.MapperScannerConfigurer">
		<!--扫描所有dao接口的实现，加入到ioc容器中 -->
		<property name="basePackage" value="com.xiaoshu.dao"></property>
		<property name="sqlSessionFactoryBeanName" value="sqlSessionFactory"></property>
		<!-- 通用Mapper -->
		<property name="properties">
			<value>
				mappers=tk.mybatis.mapper.common.Mapper
			</value>
		</property>
	</bean>

	<!-- 配置一个可以执行批量的sqlSession -->
	<bean id="sqlSession" class="org.mybatis.spring.SqlSessionTemplate">
		<constructor-arg name="sqlSessionFactory" ref="sqlSessionFactory"></constructor-arg>
		<constructor-arg name="executorType" value="BATCH"></constructor-arg>
	</bean>

	<!-- ===============事务控制的配置 ================ -->
	<bean id="transactionManager"
		class="org.springframework.jdbc.datasource.DataSourceTransactionManager">
		<!--控制住数据源 -->
		<property name="dataSource" ref="pooledDataSource"></property>
	</bean>
	<bean id="jedisPollConfig" class="redis.clients.jedis.JedisPoolConfig">
		<property name="maxTotal" value="50" />
		<property name="maxIdle" value="20" />
		<property name="testOnBorrow" value="true" />
	</bean>
	<bean id="jedisPool" class="redis.clients.jedis.JedisPool">
		<constructor-arg name="poolConfig" ref="jedisPollConfig" />
		<constructor-arg name="host" value="localhost" />
		<constructor-arg name="port" value="6379" />
		<constructor-arg name="timeout" value="10000" />
	</bean>

</beans>
